title,url
Python超入門コース(テスト),https://kino-code.work/python-scraping/
Python超入門コース#14 実践,https://kino-code.work/course-python14-practice/
Python超入門コース#13 クラス,https://kino-code.work/course-python13-class/
Python超入門コース#12 関数,https://kino-code.work/course-python12-function/
Python超入門コース#11 反復,https://kino-code.work/course-python11-repetition/
Python超入門コース#10 条件分岐,https://kino-code.work/course-python10-conditional-branch/
python超入門コース#09 演算子,https://kino-code.work/course-python09-operator/
Python超入門コース#08 リスト,https://kino-code.work/coruse-python08-list/
Python超入門コース テストページ,https://kino-code.work/python-super-basic-course/
Python超入門コース#07 データ型,https://kino-code.work/course-python07-data-type/
Python超入門コース#06 変数,https://kino-code.work/course-python06-variable/
Python超入門コース#05 実行,https://kino-code.work/course-python05-runtime/
Python超入門コース#04 プログラムの基本構造,https://kino-code.work/course-python04-basic-structure/
Python超入門コース#03 環境構築,https://kino-code.work/course-python03-environment/
Python超入門コース#02 Pythonとは？,https://kino-code.work/course-python02-what-python/
Python超入門コース#01 Pythonのコース紹介,https://kino-code.work/course-python01-course-introduction/
Go超入門コース#02 Goとは？,https://kino-code.work/course-go02-what-go-2/
超入門コース+You Tube リンク,https://kino-code.work/mix-youtube-scraping/
超入門コース テストページ,https://kino-code.work/mix-scraping/
You Tube リンク,https://kino-code.work/youtube-scraping/
【Go言語 超入門コース】14.メソッド｜Goのメソッドは、他の言語のメソッドとは違っています【プログラミング初心者向け入門講座】,https://kino-code.work/course-go14-method/
【Go言語 超入門コース】03.環境構築 for Windows｜プログラミングをする準備をしよう！【プログラミング初心者向け入門講座】,https://kino-code.work/course-go03-environment-for-windows/
【Go言語 超入門コース】07.データ型 ｜変数に入れるデータの種類のことです【プログラミング初心者向け入門講座】,https://kino-code.work/course-go07-data-type/
キノコード テストページ,https://kino-code.work/
【Go言語 超入門コース】03.環境構築 for Windows｜プログラミングをする準備をしよう！【プログラミング初心者向け入門講座】,https://kino-code.work/course-go03-environment/
【Go言語 超入門コース】02.Goとは？ ｜Goの特徴などをわかりやすく解説【プログラミング初心者向け入門講座】,https://kino-code.work/course-go02-what-go/
